Nombre,Y,X,
Chire,6.034377,-71.810627,
Támara,5.829523,-72.163897,
Ten,5.949409,-72.082921,
Manare,6.000115,-71.949652,
Cocuy,6.407684,-72.445517
