X,Y,id,tiempo,distancia
-72.2589320834366,5.44605009507911,0,3 días,98
